,accuracy,testing_time,training_time,name
0,0.916,1.534144083658854e-05,0.10036396980285645,linear_svm
1,0.9066666666666666,1.8644332885742188e-07,0.0016117095947265625,naive_bayes
2,0.9173333333333333,2.588653564453125e-05,0.1533651351928711,rbf_svm
